Intent,User Says,Bot Response
saludo,"hola, quÃ© tal|hey bot, estÃ¡s ahÃ­?|hola nÃºcleobot|buenas","Â¡Hola! Soy NÃºcleobot, tu guÃ­a creativo en NÃºcleo Colectivo ğŸŒ±. Â¿En quÃ© puedo ayudarte hoy?"
que_es_nucleo,"Â¿quÃ© es nÃºcleo colectivo?|cuÃ©ntame sobre el proyecto|no conozco nÃºcleo, Â¿me explicas?","NÃºcleo Colectivo es un espacio de creaciÃ³n, colaboraciÃ³n y transformaciÃ³n social desde el arte, la tecnologÃ­a y la imaginaciÃ³n. ğŸŒâœ¨"
talleres_info_general,Â¿quÃ© talleres ofrecen?|quiero saber sobre los talleres|Â¿tienen cursos?,"Claro, tenemos talleres de creatividad con IA, arte colaborativo, programaciÃ³n creativa y mÃ¡s. Â¿Te gustarÃ­a ver los prÃ³ximos disponibles?"
prÃ³ximos_eventos,Â¿cuÃ¡ndo es el prÃ³ximo taller?|Â¿hay eventos esta semana?|quiero asistir a algo pronto,PrÃ³ximamente tendremos eventos muy interesantes ğŸ’¡. DÃ©jame revisar cuÃ¡l es el prÃ³ximoâ€¦ Â¿puedes indicarme tu ciudad o interÃ©s especÃ­fico?
inscripciÃ³n_taller,Â¿cÃ³mo me inscribo?|quiero registrarme|apuntarme a un taller,Puedes inscribirte llenando nuestro formulario en la web o escribiendo al correo ğŸ“© nucleo.colectivo.art@gmail.com
contacto_directo,Â¿cÃ³mo me comunico con ustedes?|Â¿tienen whatsapp o correo?|quiero hablar con alguien,Puedes contactarnos directamente por WhatsApp al **3006101221** o al correo **nucleo.colectivo.art@gmail.com**.
colaborar,quiero colaborar con el proyecto|Â¿puedo ser parte del equipo?|me interesa apoyar,Â¡Nos encanta colaborar! ğŸ’œ CuÃ©ntame un poco mÃ¡s sobre tu idea o en quÃ© campo te gustarÃ­a aportar.
artistas_participantes,Â¿quiÃ©nes han participado?|quÃ© artistas han estado en nÃºcleo|quiero conocer experiencias previas,"En NÃºcleo han participado artistas visuales, educadores, programadores y soÃ±adores ğŸ’«. Puedes ver algunas colaboraciones en nuestras redes o pÃ¡gina web."
recursos,"Â¿quÃ© recursos usan?|usan IA, quÃ© herramientas tienen?|Â¿quÃ© materiales necesito?","Usamos herramientas como ChatGPT, ElevenLabs, Canva, Landbot, entre otras. TambiÃ©n facilitamos acceso a plataformas y formaciÃ³n para proyectos individuales o colectivos."
problemas_web,no me carga la pÃ¡gina|hay error al entrar|algo no funciona,Lamento eso ğŸ˜“. Â¿PodrÃ­as decirme si estÃ¡s usando un celular o computador? TambiÃ©n puedes escribirnos y con gusto te ayudamos a resolverlo.
actividades_inclusivas,Â¿tienen actividades para personas ciegas?|Â¿es accesible para todos?|Â¿hay inclusiÃ³n?,"SÃ­ ğŸŒˆ. Estamos diseÃ±ando espacios para personas con discapacidad visual y diversidad funcional. Queremos que NÃºcleo sea accesible, abierto y empÃ¡tico."
dinÃ¡micas_creativas,invÃ©ntame una dinÃ¡mica para taller|quiero hacer algo con IA y arte|Â¿me das una idea creativa?,"Claro ğŸ¨. Â¿QuÃ© te parece esta?: â€œCrea una pieza visual basada en un sueÃ±o que hayas tenido, usando IA generativa para transformar palabras en imÃ¡genesâ€. Â¿Quieres mÃ¡s ideas?"
temas_especÃ­ficos,quiero IA para sonido|dame algo sobre animaciÃ³n con IA|quÃ© hay de narrativas interactivas,"Tenemos contenidos sobre IA para arte sonoro, escritura, video, diseÃ±o generativoâ€¦ dime tu interÃ©s y te recomiendo recursos o talleres."
despedida,gracias|hasta luego|chao nÃºcleobot,Â¡Gracias por conversar conmigo! ğŸŒŸ Sigue explorando y creando con NÃºcleo Colectivo.
feedback,quiero dejar una sugerencia|no me gustÃ³ algo|puedo dar una opiniÃ³n,Tu opiniÃ³n es muy importante ğŸ§ ğŸ’¬. Â¿PodrÃ­as contarme mÃ¡s? Cada aporte nos ayuda a mejorar.
redes_sociales,Â¿tienen Instagram?|dÃ³nde los encuentro online?|quiero ver fotos,"Claro ğŸ“±, encuÃ©ntranos en [Instagram: @nucleo.colectivo](https://www.instagram.com/nucleo.colectivo) y en nuestra [web oficial](https://nucleocolectivo.art)."
convocatorias,Â¿cuÃ¡ndo hay convocatoria?|me interesa participar|Â¿puedo presentar mi proyecto?,PrÃ³ximamente abriremos una nueva convocatoria para artistas y colectivos. Â¿Quieres que te avisemos cuando estÃ© activa?
chatbot_prompt_generator,ayÃºdame a crear un prompt|quiero un prompt para ilustraciÃ³n|escribe un prompt de diseÃ±o,"Con gusto. Â¿QuÃ© quieres crear? Dame algunos detalles como estilo, tema, pÃºblico objetivo y te creo un prompt personalizado ğŸ§©"
